key,"am","ar","bn","de","en","es","fa","fr","hi","it","ja","ko","my","pt","ru","so","tr","uk","ur","zh"
add.item,"እቃ ጨምር","إضافة عنصر","আইটেম যোগ করুন","Artikel hinzufügen","Add Item","Agregar Artículo","افزودن مورد","Ajouter un Article","आइटम जोड़ें","Aggiungi Oggetto","アイテムを追加","항목 추가","ပစ္စည်းထည့်ပါ","Adicionar Item","Добавить товар","Ku dar shay","Yeni Ürün Ekle","Додати товар","آئٹم شامل کریں","添加物品"
afad,"AFAD: 122","AFAD: 122","AFAD: 122","AFAD: 122","AFAD: 122","AFAD: 122","AFAD: 122","AFAD : 122","AFAD: 122","AFAD: 122","AFAD: 122","AFAD: 122","AFAD: 122","AFAD: 122","AFAD: 122","AFAD: 122","AFAD: 122","AFAD: 122","AFAD: 122","AFAD：122"
alerts,"ማስጠንቀቂያዎች","التنبيهات","সতর্কতা","Warnungen","Alerts","Alertas","هشدارها","Alertes","चेतावनियां","Avvisi","アラート","알림","အသိပေးချက်များ","Alertas","Оповещения","Ogeysiisyada","Uyarılar","Сповіщення","الرٹس","警报"
app.name,"የአስቸኳይ ጥቅል የመከታተያ","متتبع حقيبة الطوارئ","জরুরি কিট ট্র্যাকার","Notfallset-Tracker","Emergency Kit Tracker","Rastreador de Kit de Emergencia","ردیاب کیت اضطراری","Traqueur de Kit d'Urgence","आपातकालीन किट ट्रैकर","Tracciatore Kit di Emergenza","非常用キットトラッカー","비상 키트 트래커","အရေးပေါ်ကိရိယာ ခြေရာခံ","Rastreador de Kit de Emergência","Трекер аварийной сумки","Kitaabka Xaalad-dhaafka ah ee Xaqiijinta","Acil Durum Takip","Трекер аварійного комплекту","ہنگامی کٹ ٹریکر","应急包追踪器"
appInfo.build,,,,,"Build",,,,,,,,,,,,"Derleme",,,
appInfo.dataStorage,,,,,"Your data stays on this device only. Remember to create regular backups from the Data Management section.",,,,,,,,,,,,"Verileriniz yalnızca bu cihazda tutulur. Veri Yönetimi bölümünden düzenli yedek almayı unutmayın.",,,
appInfo.description,,,,,"Emergency Kit Tracker is designed to keep your kits, depots, and supplies organised in one place.",,,,,,,,,,,,"Acil Durum Takip, acil durum çantalarınızı, depolarınızı ve ürünlerinizi tek noktadan yönetmenizi sağlamak için tasarlandı.",,,
appInfo.package,,,,,"Package Name",,,,,,,,,,,,"Paket Adı",,,
appInfo.support,,,,,"Visit Settings > Help & Support for assistance or to share feedback.",,,,,,,,,,,,"Destek ve geri bildirim için Ayarlar > Yardım & Destek adımlarını izleyin.",,,
appInfo.title,,,,,"App Information",,,,,,,,,,,,"Uygulama Bilgileri",,,
appInfo.version,,,,,"Version",,,,,,,,,,,,"Sürüm",,,
bag.car,"የመኪና ጥቅል","حقيبة السيارة","গাড়ির কিট","Auto-Kit","Car Kit","Kit del Coche","کیت خودرو","Kit Voiture","कार किट","Kit Auto","車用キット","자동차 키트","ကားတွင်းကိရိယာ",,"Автомобильная сумка","Kitaabka Baabuurka","Araba Çantası","Автомобільний комплект","کار کٹ","车载包"
bag.create.button,"ቦርሳ ፍጠር","إنشاء الحقيبة","ব্যাগ তৈরি করুন","Tasche erstellen","Create Bag","Crear Bolsa","ایجاد کیف","Créer le Sac","बैग बनाएं","Crea Borsa","バッグを作成","가방 만들기","အိတ်ဖန်တီးပါ",,"Создать сумку","Abuur Kiiish","Çantayı Oluştur","Створити сумку","بیگ بنائیں","创建包袋"
bag.create.name,"የቦርሳ ስም","اسم الحقيبة","ব্যাগের নাম","Taschenname","Bag Name","Nombre de la Bolsa","نام کیف","Nom du Sac","बैग का नाम","Nome Borsa","バッグ名","가방 이름","အိတ်အမည်",,"Название сумки","Magaca Kiishka","Çanta Adı","Назва сумки","بیگ کا نام","包袋名称"
bag.create.name_placeholder,"ምሳሌ: የቤት አስቸኳይ ጥቅል","مثال: حقيبة طوارئ المنزل","যেমন: বাড়ির জরুরি কিট","Z.B: Notfallset für zu Hause","E.g: Home Emergency Kit","Ej: Kit de Emergencia del Hogar","مثال: کیت اضطراری خانه","Ex: Kit d'Urgence Maison","उदा: घर का आपातकालीन किट","Es: Kit di Emergenza Casa","例：ホーム非常用キット","예: 홈 비상 키트","ဥပမာ - အိမ်တွင်းအရေးပေါ်ကိရိယာ",,"Например: Домашняя аварийная сумка","Tusaale: Kitaabka Xaalad-dhaafka ah ee Guriga","Örn: Ev Acil Durum Çantası","Приклад: Домашній аварійний комплект","مثال: گھر کا ہنگامی کٹ","例如：家庭应急包"
bag.create.notes,"ማስታወሻዎች (አማራጭ)","ملاحظات (اختيارية)","নোট (ঐচ্ছিক)","Notizen (Optional)","Notes (Optional)","Notas (Opcional)","یادداشت‌ها (اختیاری)","Notes (Optionnel)","नोट्स (वैकल्पिक)","Note (Opzionale)","メモ（オプション）","메모 (선택사항)","မှတ်စုများ (စိတ်ကြိုက်)",,"Примечания (необязательно)","Fiiro gaar ah (Doorasho)","Notlar (İsteğe Bağlı)","Примітки (необов'язково)","نوٹس (اختیاری)","备注（可选）"
bag.create.notes_placeholder,"የዚህ ቦርሳ ይዘት ወይም አካባቢ ማስታወሻዎችን ጨምር...","إضافة ملاحظات حول محتويات هذه الحقيبة أو موقعها...","এই ব্যাগের বিষয়বস্তু বা অবস্থান সম্পর্কে নোট যোগ করুন...","Notizen über den Inhalt oder Standort dieser Tasche hinzufügen...","Add notes about this bag's contents or location...","Agregar notas sobre el contenido o ubicación de esta bolsa...","یادداشت‌هایی درباره محتوا یا مکان این کیف اضافه کنید...","Ajouter des notes sur le contenu ou l'emplacement de ce sac...","इस बैग की सामग्री या स्थान के बारे में नोट्स जोड़ें...","Aggiungi note sul contenuto o posizione di questa borsa...","このバッグの内容や場所についてのメモを追加...","이 가방의 내용이나 위치에 대한 메모를 추가...","ဤအိတ်အတွင်းပါဝင်မှုများ သို့မဟုတ် တည်နေရာ အကြောင်း မှတ်စုများထည့်ပါ...",,"Добавить примечания о содержимом или местоположении этой сумки...","Ku dar fiiro gaar ah ku saabsan waxa ku jira ama meelaha kiishkan...","Bu çantanın içeriği veya konumu hakkında notlar ekleyin...","Додайте примітки про вміст або місцезнаходження цієї сумки...","اس بیگ کے مواد یا مقام کے بارے میں نوٹس شامل کریں...","添加关于此包袋内容或位置的备注..."
bag.create.success,,,,,"{name} bag created!",,,,,,,,,,,,"{name} çantası kaydedildi!",,,
bag.create.title,"አዲስ ቦርሳ","حقيبة جديدة","নতুন ব্যাগ","Neue Tasche","New Bag","Nueva Bolsa","کیف جدید","Nouveau Sac","नया बैग","Nuova Borsa","新しいバッグ","새 가방","အိတ် အသစ်",,"Новая сумка","Kiiish Cusub","Yeni Çanta","Нова сумка","نیا بیگ","新包袋"
bag.home,"የቤት አስቸኳይ ጥቅል","حقيبة طوارئ المنزل","বাড়ির জরুরি কিট","Notfallset für zu Hause","Home Emergency Kit","Kit de Emergencia del Hogar","کیت اضطراری خانه","Kit d'Urgence Maison","घर का आपातकालीन किट","Kit di Emergenza Casa","ホーム非常用キット","홈 비상 키트","အိမ်တွင်းအရေးပေါ်ကိရိယာ",,"Домашняя аварийная сумка","Kitaabka Xaalad-dhaafka ah ee Guriga","Ev Acil Durum Çantası","Домашній аварійний комплект","گھر کا ہنگامی کٹ","家庭应急包"
bags.empty,,,,,"You have not created any bags yet. Start by adding a new one.",,,,,,,,,,,,"Henüz çanta oluşturmadınız. Yeni bir çanta ekleyerek başlayın.",,,
bags.title,,,,,"Emergency Bags",,,,,,,,,,,,"Acil Durum Çantaları",,,
blanket,"ምንድ","بطانية","কম্বল","Decke","Blanket","Manta","پتو","Couverture","कंबल","Coperta","毛布","담요","ခြောက်","Cobertor","Одеяло","Shashad","Battaniye","Ковдра","کمبل","毯子"
categories.addNew,,,,,"Add New Category",,,,,,,,,,,,"Yeni Kategori Ekle",,,
categories.fixed.battery_radio,"ባትሪ ራዲዮ","راديو يعمل بالبطارية","ব্যাটারি চালিত রেডিও","Batteriebetriebenes Radio","Battery-Powered Radio","Radio a pilas","رادیوی باتری‌خور","Radio à piles","बैटरी रेडियो","Radio a batterie","電池式ラジオ","배터리 라디오","ဘက်ထရီရေဒီယို","Rádio a pilhas","Радио на батарейках","Raadiyo baytari ku shaqeeya","Pilli Radyo","Радіо на батарейках","بیٹری والا ریڈیو","电池收音机"
categories.fixed.blanket,"ቢላ","بطانية","কম্বল","Decke","Blanket","Manta","پتو","Couverture","कंबल","Coperta","毛布","담요","စောင်","Cobertor","Одеяло","Bustayaal","Battaniye","Ковдра","کمبل","毯子"
categories.fixed.canned_food,"በታንኳ የተጠበቀ ምግብ","طعام معلب","ক্যানজাত খাবার","Konserven","Canned Food","Comida enlatada","غذای کنسروی","Conserves","डिब्बाबंद भोजन","Cibo in scatola","缶詰食品","통조림 식품","တင်းပုပ်အစားအစာ","Alimentos enlatados","Консервы","Cunto qasacadaysan","Konserve Gıdalar","Консерви","ڈبہ بند کھانا","罐头食品"
categories.fixed.cash,"ጥሬ ገንዘብ","نقد","নগদ টাকা","Bargeld","Cash","Efectivo","پول نقد","Espèces","नकद","Contanti","現金","현금","ငွေသား","Dinheiro","Наличные","Lacag caddaan","Nakit Para","Готівка","نقد رقم","现金"
categories.fixed.compass_map,"ኮምፓስ እና ካርታ","بوصلة وخريطة","দিক-নির্দেশক ও মানচিত্র","Kompass & Karte","Compass & Map","Brújula y mapa","قطب‌نما و نقشه","Boussole et carte","कंपास और नक्शा","Bussola e mappa","コンパスと地図","나침반과 지도","တံဆိပ်နှင့် မြေပုံ","Bússola e mapa","Компас и карта","Kambaas iyo khariidad","Pusula ve Harita","Компас і карта","کمپاس اور نقشہ","指南针与地图"
categories.fixed.documents,"ሰነዶች እና መታወቂያዎች","وثائق وهويات","দলিল ও পরিচয়পত্র","Dokumente & Ausweise","Documents & IDs","Documentos e identificaciones","مدارک و شناسنامه‌ها","Documents et pièces d'identité","दस्तावेज़ और पहचान पत्र","Documenti e identificazioni","書類・身分証明書","서류 및 신분증","စာရွက်စာတမ်းနှင့် ကိုယ်ပိုင်အထောက်အထား","Documentos e identificações","Документы и удостоверения","Dukumeentiyo & aqoonsiyo","Kimlik ve Resmi Belgeler","Документи та посвідчення","دستاویزات اور شناختی کارڈ","证件与身份证明"
categories.fixed.dust_mask,"የትቢያ ማስክ","قناع غبار","ধুলো মাস্ক","Staubmaske","Dust Mask","Mascarilla antipolvo","ماسک گرد و غبار","Masque anti-poussière","धूल मास्क","Mascherina antipolvere","防塵マスク","방진 마스크","ဖုန်ကာမျက်နှာဖုံး","Máscara anti-pó","Респиратор","Maaskaro boor","Toz Maskesi","Протипилова маска","دھول ماسک","防尘口罩"
categories.fixed.first_aid_kit,"የመጀመሪያ እገዛ ሳጥን","حقيبة إسعافات أولية","প্রথম চিকিৎসা কিট","Erste-Hilfe-Set","First Aid Kit","Botiquín","جعبه کمک‌های اولیه","Trousse de secours","प्राथमिक उपचार किट","Kit di pronto soccorso","救急セット","구급 상자","အရေးပေါ်ဆေးပစ္စည်းအထုပ်","Kit de primeiros socorros","Аптечка","Qalabka gargaarka degdegga","İlk Yardım Çantası","Аптечка","فرسٹ ایڈ کٹ","急救包"
categories.fixed.flashlight,"ፍራንጣ","مصباح يدوي","টর্চলাইট","Taschenlampe","Flashlight","Linterna","چراغ قوه","Lampe de poche","टॉर्च","Torcia","懐中電灯","손전등","မီးလင်းတိုင်","Lanterna","Фонарик","Faynuus","El Feneri","Ліхтарик","ٹارچ","手电筒"
categories.fixed.food,"ምግብ","مواد غذائية","খাবার","Lebensmittel","Food","Alimentos","مواد غذایی","Nourriture","खाद्य सामग्री","Alimenti","食料","식량","အစားအစာ","Alimentos","Продукты","Cunto","Gıda","Продукти","خوراک","食品"
categories.fixed.handgun,"ፒስቶል","مسدس","পিস্তল","Pistole","Handgun","Pistola","اسلحه کمری","Pistolet","पिस्तौल","Pistola","ハンドガン","권총","လက်ကိုင်သေနတ်","Pistola","Пистолет","Bastoolad","Tabanca","Пістолет","پستول","手枪"
categories.fixed.handgun_ammo,"የፒስቶል ሽርጭት","ذخيرة مسدس","পিস্তলের গুলি","Pistolenmunition","Handgun Ammunition","Munición de pistola","مهمات اسلحه کمری","Munitions de pistolet","पिस्तौल की गोलियां","Munizioni per pistola","ハンドガン弾薬","권총 탄약","လက်ကိုင်သေနတ်ကျည်","Munição para pistola","Пистолетные патроны","Rasaasta bastooladda","Tabanca Mermisi","Пістолетні набої","پستول کے کارتوس","手枪弹药"
categories.fixed.lead_free_ammo,,,,,,,,,,,,,"သံမပါသော သေနတ်ကျည်",,,"Rasaas aan leed lahayn",,"Безсвинцеві набої",,
categories.fixed.lighter,"ላይተር","ولاعة","লাইটার","Feuerzeug","Lighter","Encendedor","فندک","Briquet","लाइटर","Accendino","ライター","라이터","မီးထွေး","Isqueiro","Зажигалка","Dab-qabad","Çakmak","Запальничка","لائٹر","打火机"
categories.fixed.matches,"ማችስ","أعواد ثقاب","ম্যাচ","Streichhölzer","Matches","Fósforos","کبریت","Allumettes","माचिस","Fiammiferi","マッチ","성냥","မီးတိုင်","Fósforos","Спички","Shumacyo","Kibrit","Сірники","ماچس","火柴"
categories.fixed.multi_tool,"ብዙ ተግባር መሳሪያ","أداة متعددة","মাল্টি-টুল","Multifunktionswerkzeug","Multi-Tool","Herramienta multifunción","ابزار چندکاره","Outil multifonction","मल्टी-टूल","Multifunzione","マルチツール","멀티툴","စွမ်းဆောင်ချက်များစွာရှိသော ကိရိယာ","Ferramenta multifuncional","Мультитул","Qalab badan","Çok Amaçlı Çakı","Мультитул","ملٹی ٹول","多功能工具"
categories.fixed.nuts,"እንኩር ፍሬ","مكسرات","বাদাম","Nüsse","Nuts","Frutos secos","آجیل","Noix","मेवे","Frutta secca","ナッツ","견과류","အမံ့မျိုး","Nozes","Орехи","Lows","Kuruyemiş","Горіхи","میوے","坚果"
categories.fixed.rifle,"ጠመንጃ","بندقية","রাইফেল","Gewehr","Rifle","Rifle","تفنگ","Fusil","राइफल","Fucile","ライフル","소총","ရိုင်ဖယ်သေနတ်","Rifle","Винтовка","Qori dheer","Tüfek","Гвинтівка","رائفل","步枪"
categories.fixed.rifle_ammo,"የጠመንጃ ሽርጭት","ذخيرة بندقية",,"Gewehrmunition","Rifle Ammunition","Munición de rifle","مهمات تفنگ","Munitions de fusil","राइफल की गोलियां","Munizioni per fucile",,"소총 탄약","ရိုင်ဖယ်သေနတ်ကျည်","Munição para rifle","Винтовочные патроны","Rasaasta qoriga dheer","Tüfek Mermisi","Гвинтівкові набої",,"步枪弹药"
categories.fixed.sanitary_pad,"የጤና መጠጊያ","فوط صحية","স্যানিটারি প্যাড","Damenbinde","Sanitary Pad","Toalla sanitaria","نوار بهداشتی","Serviette hygiénique","सेनेट्री पैड","Assorbente","生理用ナプキン","생리대","သန့်စင်ရေးခင်း","Absorvente","Гигиенические прокладки","Daboolka caadada","Hijyenik Ped","Гігієнічні прокладки","سینیٹری پیڈ","卫生巾"
categories.fixed.shot_shells,,,,,,,,,,,,,"ရှော့ဂန်ကျည်",,,"Rasaasta qori gaaban",,"Набої для дробовика",,
categories.fixed.sleeping_bag,"የእንቅልፍ ቦርሳ","كيس نوم","স্লিপিং ব্যাগ","Schlafsack","Sleeping Bag","Saco de dormir","کیسه خواب","Sac de couchage","सोने का बैग","Sacco a pelo","寝袋","침낭","အိပ်အိတ်","Saco de dormir","Спальный мешок","Bac hurdo","Uyku Tulumu","Спальний мішок","سلیپنگ بیگ","睡袋"
categories.fixed.slug_rounds,,,,,,,,,,,,,"Slug ကျည်",,,"Rasaas slug",,"Пулі «слуг»",,
categories.fixed.soap,"ሳሙና","صابون","সাবান","Seife","Soap","Jabón","صابون","Savon","साबुन","Sapone","石けん","비누","ဆပ်ပြာ","Sabão","Мыло","Saabuun","Sabun","Мило","صابون","肥皂"
categories.fixed.spare_clothes,"ተጨማሪ ልብስ","ملابس احتياطية","অতিরিক্ত পোশাক","Wechselkleidung","Spare Clothes","Ropa de repuesto","لباس اضافه","Vêtements de rechange","अतिरिक्त कपड़े","Vestiti di ricambio","替えの衣類","여벌 옷","အဝတ်အထည်ထပ်","Roupas de reserva","Запасная одежда","Dharka kaydka","Yedek Kıyafet","Запасний одяг","اضافی کپڑے","备用衣物"
categories.fixed.toilet_paper,"የመጸዳጃ ወረቀት","مناديل حمام","টয়লেট পেপার","Toilettenpapier","Toilet Paper","Papel higiénico","دستمال توالت","Papier toilette","टॉयलेट पेपर","Carta igienica","トイレットペーパー","화장지","အိမ်သာစက္ကူ","Papel higiênico","Туалетная бумага","Warqadda musqusha","Tuvalet Kağıdı","Туалетний папір","ٹائلٹ پیپر","卫生纸"
categories.fixed.toothbrush_toothpaste,"የጥርስ ብሩሽ እና የጥርስ ቅባት","فرشاة ومعجون أسنان","টুথব্রাশ ও টুথপেস্ট","Zahnbürste & Zahnpasta","Toothbrush & Toothpaste","Cepillo y pasta de dientes","مسواک و خمیر دندان","Brosse et dentifrice","टूथब्रश और टूथपेस्ट","Spazzolino e dentifricio","歯ブラシと歯みがき粉","칫솔과 치약","သွားတိုက်တံနှင့် သွားတိုက်ပေါင်း","Escova e pasta de dentes","Зубная щётка и паста","Burushka iligga & daawada iligga","Diş Fırçası ve Macunu","Зубна щітка та паста","ٹوٹھ برش اور ٹوتھ پیسٹ","牙刷和牙膏"
categories.fixed.trash_bag,"የቆሻሻ ቦርሳ","أكياس قمامة","আবর্জনার ব্যাগ","Müllbeutel","Trash Bags","Bolsas de basura","کیسه زباله","Sacs poubelle","कचरे के बैग","Sacchi della spazzatura","ゴミ袋","쓰레기봉투","အမှိုက်အိတ်","Sacos de lixo","Мешки для мусора","Bacaha qashinka","Çöp Torbası","Сміттєві пакети","کچرے کے تھیلے","垃圾袋"
categories.fixed.water,"መጠጥ ውሃ","مياه للشرب","পানীয় জল","Wasser","Water","Agua","آب آشامیدنی","Eau","पीने का पानी","Acqua","飲料水","식수","သောက်သုံးရေ","Água","Вода","Biyo la cabi karo","Su","Вода","پینے کا پانی","饮用水"
categories.fixed.water_purification_tablets,"የውሃ ማጽዳት ክኒኖች","أقراص تنقية المياه","জল বিশুদ্ধকরণ ট্যাবলেট","Wasserreinigungstabletten","Water Purification Tablets","Tabletas purificadoras de agua","قرص تصفیه آب","Comprimés purificateurs d'eau","जल शुद्धिकरण गोलियां","Compresse depuratrici d'acqua","浄水タブレット","정수 정제","ရေသန့်စင်ခြင်း တက်ဘလက်","Comprimidos purificadores de água","Таблетки для очистки воды","Kiniinada nadiifinta biyaha","Su Arıtma Tabletleri","Таблетки для очищення води","پانی صاف کرنے کی گولیاں","净水片"
categories.fixed.water_purifier,"የውሃ ማጣሪያ","منقّي مياه","জল বিশুদ্ধকারী যন্ত্র","Wasserfilter","Water Purifier","Purificador de agua","تصفیه‌کننده آب","Purificateur d'eau","जल शुद्धिकरण उपकरण","Purificatore d'acqua","浄水器","정수기","ရေသန့်စင်စက်","Purificador de água","Фильтр для воды","Makiinadda sifaynta biyaha","Taşınabilir Su Arıtma Cihazı","Фільтр для води","پانی صاف کرنے والا آلہ","净水器"
categories.fixed.wet_wipes,"እርጥብ ቶሎቶሎ","مناديل مبللة","ভেজা টিস্যু","Feuchttücher","Wet Wipes","Toallitas húmedas","دستمال مرطوب","Lingettes humides","गीले वाइप्स","Salviettine umidificate","ウェットティッシュ","물티슈","စိုစွတ်သုတ်ပွတ်","Lenços umedecidos","Влажные салфетки","Tuwaalo qoyan","Islak Mendil","Вологі серветки","گیلے وائپس","湿巾"
categories.fixed.work_gloves,"የሥራ ጓንት","قفازات عمل","কাজের দস্তানা","Arbeitshandschuhe","Work Gloves","Guantes de trabajo","دستکش کار","Gants de travail","काम के दस्ताने","Guanti da lavoro","作業用手袋","작업용 장갑","အလုပ်လက်အိတ်","Luvas de trabalho","Рабочие перчатки","Galoofyada shaqada","İş Eldiveni","Робочі рукавиці","کام کے دستانے","工作手套"
category,"ምድብ","الفئة","বিভাগ","Kategorie","Category","Categoría","دسته‌بندی","Catégorie","श्रेणी","Categoria","カテゴリ","카테고리","အမျိုးအစား","Categoria","Категория","Qeybta","Kategori","Категорія","زمرہ","类别"
common.add,"ጨምር","إضافة","যোগ করুন","Hinzufügen","Add","Agregar","افزودن","Ajouter","जोड़ें","Aggiungi","追加","추가","ထည့်ပါ",,"Добавить","Ku dar","Ekle","Додати","شامل کریں","添加"
common.back,,,,,"Back",,,,,,,,,,,,"Geri",,,
common.cancel,"ሰርዝ","إلغاء","বাতিল","Abbrechen","Cancel","Cancelar","لغو","Annuler","रद्द करें","Annulla","キャンセル","취소","ဖျက်သိမ်းပါ",,"Отмена","Baabi'i","İptal","Скасувати","منسوخ","取消"
common.close,"ዝጋ","إغلاق","বন্ধ করুন","Schließen","Close","Cerrar","بستن","Fermer","बंद करें","Chiudi","閉じる","닫기","ပိတ်ပါ",,"Закрыть","Xir","Kapat","Закрити","بند کریں","关闭"
common.confirm,"አረጋግጥ","تأكيد","নিশ্চিত করুন","Bestätigen","Confirm","Confirmar","تأیید","Confirmer","पुष्टि करें","Conferma","確認","확인","အတည်ပြုပါ",,"Подтвердить","Xaqiiji","Onayla","Підтвердити","تصدیق","确认"
common.remove,"አስወግድ","إزالة","সরান","Entfernen","Remove","Quitar","حذف","Supprimer","हटाएं","Rimuovi","削除","제거","ထုတ်ပါ",,"Удалить","Ka saar","Kaldır","Видалити","ہٹائیں","移除"
common.update,"አዘምን","تحديث","আপডেট","Aktualisieren","Update","Actualizar","به‌روزرسانی","Mettre à jour","अपडेट करें","Aggiorna","更新","업데이트","အဆင့်မြှင့်ပါ",,"Обновить","Cusbooneysii","Güncelle","Оновити","اپڈیٹ","更新"
delete,"ሰርዝ","حذف","মুছুন","Löschen","Delete","Eliminar","حذف","Supprimer","हटाएं","Elimina","削除","삭제","ဖျက်ပါ","Excluir","Удалить","Tirtir","Sil","Видалити","حذف کریں","删除"
depot.areas,"የመጋዘን አካባቢዎች","مناطق التخزين","ডিপো এলাকা","Lagerbereiche","Storage Areas","Áreas de Almacenamiento","مناطق انبار","Zones de Stockage","भंडारण क्षेत्र","Aree di Stoccaggio","倉庫エリア","창고 구역","ကုန်လှောင်ရုံ နေရာများ",,"Складские зоны","Meelaha Bakhaarrada","Depo Alanları","Зони складу","ڈپو علاقے","存储区域"
depot.backup,"ምትኬ መጋዘን","المستودع الاحتياطي","ব্যাকআপ ডিপো","Backup-Depot","Backup Depot","Depósito de Respaldo","انبار پشتیبان","Dépôt de Sauvegarde","बैकअप डिपो","Deposito Backup","バックアップ倉庫","백업 창고","အရံကုန်လှောင်ရုံ",,"Резервный склад","Bakhaar Kaydin","Yedek Depo","Резервний склад","بیک اپ ڈپو","备用仓库"
depot.create.button,,,,,"Create Depot",,,,,,,,,,,,"Depo Alanı Oluştur",,,
depot.create.name,,,,,"Depot Name",,,,,,,,,,,,"Depo Adı",,,
depot.create.name_placeholder,,,,,"e.g. Main Depot",,,,,,,,,,,,"Örn: Ana Depo",,,
depot.create.notes,,,,,"Notes (Optional)",,,,,,,,,,,,"Notlar (İsteğe Bağlı)",,,
depot.create.notes_placeholder,,,,,"Add notes about this depot...",,,,,,,,,,,,"Depo hakkında not ekleyin...",,,
depot.create.success,,,,,"{name} depot saved!",,,,,,,,,,,,"{name} deposu kaydedildi!",,,
depot.main,"ዋና መጋዘን","المستودع الرئيسي","প্রধান ডিপো","Hauptdepot","Main Depot","Depósito Principal","انبار اصلی","Dépôt Principal","मुख्य डिपो","Deposito Principale","メイン倉庫","메인 창고","အဓိက ကုန်လှောင်ရုံ",,"Основной склад","Bakhaarka Ugu Weyn","Ana Depo","Основний склад","اصل ڈپو","主仓库"
depot.panel,"የመጋዘን ፓነል","لوحة المستودع","ডিপো প্যানেল","Depot Panel","Depot Panel","Panel de Depósito","پنل انبار","Panneau Dépôt","डिपो पैনल","Pannello Deposito","倉庫パネル","창고 패널","ကုန်လှောင်ရုံ ပြခင်းစင်",,"Панель склада","Furasha Bakhaarrada","Depo Paneli","Панель складу","ڈپو پینل","仓库面板"
edit,"አርትዕ","تعديل","সম্পাদনা করুন","Bearbeiten","Edit","Editar","ویرایش","Modifier","संपादित करें","Modifica","編集","편집","တည်းဖြတ်ပါ","Editar","Редактировать","Wax ka bedel","Düzenle","Редагувати","ترمیم کریں","编辑"
emergency.kits,"የአስቸኳይ ጥቅሎች","حقائب الطوارئ","জরুরি কিট","Notfallsets","Emergency Kits","Kits de Emergencia","کیت‌های اضطراری","Kits d'Urgence","आपातकालीन किट्स","Kit di Emergenza","非常用キット","비상 키트","အရေးပေါ်ကိရိယာများ","Kits de Emergência","Аварийные сумки","Kitaabada Xaalad-dhaafka ah","Acil Durum Çantaları","Аварійні комплекти","ہنگامی کٹس","应急包"
emergency.numbers,"የአስቸኳይ ቁጥሮች","أرقام الطوارئ","জরুরি নম্বর","Notrufnummern","Emergency Numbers","Números de Emergencia","شماره‌های اضطراری","Numéros d'Urgence","आपातकालीन नंबर","Numeri di Emergenza","緊急連絡先","긴급 연락처","အရေးပေါ် ဖုန်းနံပါတ်များ","Números de Emergência","Экстренные номера","Lambarka xaalad-dhaafka ah","Acil Numaralar","Екстрені номери","ہنگامی نمبرز","紧急电话"
emergency.numbers.110,,,,,"Fire emergency",,,,,,,,,,,,"Yangın ihbar",,,
emergency.numbers.112,,,,,"All emergencies",,,,,,,,,,,,"Tüm acil durumlar",,,
emergency.numbers.114,,,,,"Poison hotline",,,,,,,,,,,,"Zehir danışma",,,
emergency.numbers.122,,,,,"Disaster coordination (AFAD)",,,,,,,,,,,,"AFAD",,,
emergency.numbers.155,,,,,"Police emergency",,,,,,,,,,,,"Polis ihbar",,,
emergency.numbers.156,,,,,"Gendarmerie emergency",,,,,,,,,,,,"Jandarma ihbar",,,
emergency.numbers.158,,,,,"Coast guard",,,,,,,,,,,,"Sahil güvenlik",,,
emergency.numbers.175,,,,,"Consumer hotline",,,,,,,,,,,,"Alo Tüketici",,,
emergency.numbers.185,,,,,"Water outage",,,,,,,,,,,,"Su arıza",,,
emergency.numbers.186,,,,,"Electricity outage",,,,,,,,,,,,"Elektrik arıza",,,
emergency.numbers.187,,,,,"Natural gas emergency",,,,,,,,,,,,"Doğalgaz arıza",,,
emergency.numbers.addPlaceholder,,,,,"Custom emergency numbers will arrive soon.",,,,,,,,,,,,"Kısa süre içinde numara ekleme özelliği gelecek.",,,
emergency.numbers.calling,,,,,"Calling {number}...",,,,,,,,,,,,"{number} aranıyor...",,,
emergency.numbers.error,,,,,"Couldn't start the call. Please try manually.",,,,,,,,,,,,"Arama başlatılamadı. Lütfen manuel olarak deneyin.",,,
emergency.numbers.general,,,,,"General Emergency Lines",,,,,,,,,,,,"Genel Acil Durum Numaraları",,,
expired,"የሚያልቅ ጊዜ ተጠናቅቋል","منتهي الصلاحية","মেয়াদ শেষ","Abgelaufen","Expired","Vencido","منقضی شده","Expiré","समय सीमा समाप्त","Scaduto","期限切れ","만료됨","သက်တမ်းကုန်ပြီး","Vencido","Срок истёк","Waxaa dhamaaday","Süresi dolmuş","Термін минув","مدت ختم","已过期"
expiring.soon,"በቅርብ ጊዜ ይያልቃል","سينتهي قريبًا","শীঘ্রই মেয়াদ শেষ হবে","Läuft bald ab","Expiring Soon","Vence Pronto","به زودی منقضی می‌شود","Expire Bientôt","जल्द समाप्त हो रहा है","Scade Presto","まもなく期限切れ","곧 만료됨","မကြာခင် သက်တမ်းကုန်မည်","Vence em Breve","Скоро истекает","Waxaa qorsoon dhamaanaya","Yakında bitecek","Незабаром закінчується","جلد ہی مدت ختم ہو جائے گی","即将过期"
expiry.date,"የሚያልቅ ወይም የማንኛውም የማጣራት ቀን","تاريخ انتهاء الصلاحية / المراجعة","মেয়াদ শেষ / পর্যালোচনা তারিখ","Ablaufdatum / Überprüfungsdatum","Expiry / Review Date","Fecha de Vencimiento / Revisión","تاریخ انقضا / بازبینی","Date d'Expiration / Révision","समाप्ति / समीक्षा तिथि","Data di Scadenza / Revisione","有効期限 / 確認日","만료일 / 점검일","သက်တမ်းကုန်ဆုံးမှု / ပြန်လည်သုံးသပ်မှု ရက်စွဲ","Data de Validade / Revisão","Срок годности / Дата проверки","Taariikhda dhamaadka / Taariikhda dib u eegisay","Son Kullanma Tarihi","Термін придатності / Дата перевірки","مدت ختم / جائزہ تاریخ","过期/检查日期"
food,"ምግብ","طعام","খাবার","Lebensmittel","Food","Alimentos","غذا","Nourriture","भोजन","Cibo","食料","식량","အစားအစာ","Alimentos","Еда","Xalwo","Gıda","Їжа","کھانا","食物"
forest.fire,"የደን እሳት: 112","حرائق الغابات: 112","বন দাবানল: 112","Waldbrand: 112","Forest Fire: 112","Incendio Forestal: 112","آتش‌سوزی جنگل: 112","Feu de Forêt : 112","वन आग: 112","Incendio Boschivo: 112","森林火災: 112","산불: 112","သစ်တောမီး: 112","Incêndio Florestal: 112","Лесной пожар: 112","Dagaalka Geedaha: 112","Orman Yangını: 112","Лісова пожежа: 112","جنگل کی آگ: 112","森林火灾：112"
form.error.datePast,,,,,"Please choose a future date",,,,,,,,,,,,"Geçmiş bir tarih seçemezsiniz",,,
form.error.reminderAfterExpiry,,,,,"Reminder date must be before the expiry date",,,,,,,,,,,,"Hatırlatma tarihi SKT'den sonra olamaz",,,
form.error.required,,,,,"This field is required",,,,,,,,,,,,"Bu alan zorunludur",,,
home.alert.message,,,,,"Some items need attention. Please review your kits.",,,,,,,,,,,,"Bazı öğeler dikkat gerektiriyor. Lütfen çantalarınızı kontrol edin.",,,
home.alert.title,,,,,"Emergency Alert",,,,,,,,,,,,"Acil Uyarı",,,
home.alerts.critical,"Critical Alerts","Critical Alerts","Critical Alerts","Kritische Warnungen","Critical Alerts","Alertas Críticas","Critical Alerts","Alertes Critiques","Critical Alerts","Avvisi Critici","重大な警告","Critical Alerts","Critical Alerts","Alertas Críticos","Критические оповещения","Critical Alerts","Kritik Uyarılar","Критичні попередження",,
home.alerts.critical.description,"{expired} items have expired. {outOfStock} items are out of stock.","{expired} items have expired. {outOfStock} items are out of stock.","{expired} items have expired. {outOfStock} items are out of stock.","{expired} Artikel sind abgelaufen. {outOfStock} Artikel sind nicht auf Lager.","{expired} items have expired. {outOfStock} items are out of stock.","{expired} artículos han vencido. {outOfStock} artículos están sin stock.","{expired} items have expired. {outOfStock} items are out of stock.","{expired} articles ont expiré. {outOfStock} articles sont en rupture.","{expired} items have expired. {outOfStock} items are out of stock.","{expired} articoli sono scaduti. {outOfStock} articoli sono esauriti.","{expired} 件のアイテムの期限が切れました。{outOfStock} 件のアイテムが在庫切れです。","{expired} items have expired. {outOfStock} items are out of stock.","{expired} items have expired. {outOfStock} items are out of stock.","{expired} itens estão vencidos. {outOfStock} itens estão sem estoque.","{expired} товаров просрочены. {outOfStock} товаров нет в наличии.","{expired} items have expired. {outOfStock} items are out of stock.","{expired} ürünün son kullanma tarihi geçti. {outOfStock} ürünün stoğu tükendi.","{expired} товарів прострочено. {outOfStock} товарів немає в запасі.",,
home.alerts.empty,"No alerts to review right now.","No alerts to review right now.","No alerts to review right now.","Derzeit keine Warnungen zum Prüfen.","No alerts to review right now.","No hay alertas para revisar ahora mismo.","No alerts to review right now.","Aucune alerte à consulter pour le moment.","No alerts to review right now.","Nessun avviso da controllare al momento.","確認が必要なアラートはありません。","No alerts to review right now.","No alerts to review right now.","Nenhum alerta para revisar agora.","Сейчас нет оповещений для проверки.","No alerts to review right now.","Kontrol edilmesi gereken herhangi bir ürün yok.","Немає попереджень для перегляду.",,
home.alerts.expiring,"Upcoming Expirations","Upcoming Expirations","Upcoming Expirations","Bevorstehende Abläufe","Upcoming Expirations","Vencimientos Próximos","Upcoming Expirations","Échéances Proches","Upcoming Expirations","Scadenze Imminenti","期限が近いアイテム","Upcoming Expirations","Upcoming Expirations","Vencimentos Próximos","Сроки истекают","Upcoming Expirations","Yaklaşan Son Kullanma Tarihleri","Наближення терміну придатності",,
home.alerts.expiring.description,"{count} items need attention soon.","{count} items need attention soon.","{count} items need attention soon.","{count} Artikel benötigen bald Ihre Aufmerksamkeit.","{count} items need attention soon.","{count} artículos necesitan atención pronto.","{count} items need attention soon.","{count} articles nécessitent votre attention bientôt.","{count} items need attention soon.","{count} articoli richiedono attenzione a breve.","{count} 件のアイテムに注意が必要です。","{count} items need attention soon.","{count} items need attention soon.","{count} itens precisam de atenção em breve.","{count} товаров вскоре потребуют внимания.","{count} items need attention soon.","{count} ürünün son kullanma tarihi yaklaşıyor.","{count} товарів потребують уваги найближчим часом.",,
home.alerts.modalTitle,"Emergency Alerts","Emergency Alerts","Emergency Alerts","Notfallwarnungen","Emergency Alerts","Alertas de Emergencia","Emergency Alerts","Alertes d'Urgence","Emergency Alerts","Avvisi di Emergenza","緊急アラート","Emergency Alerts","Emergency Alerts","Alertas de Emergência","Экстренные оповещения","Emergency Alerts","Acil Uyarılar","Екстрені попередження",,
home.alerts.safe,"All Clear","All Clear","All Clear","Alles in Ordnung","All Clear","Todo en Orden","All Clear","Tout est OK","All Clear","Tutto in Ordine","すべて正常","All Clear","All Clear","Tudo em Ordem","Всё в порядке","All Clear","Her Şey Yolunda","Все під контролем",,
home.alerts.safe.description,"Everything is up to date.","Everything is up to date.","Everything is up to date.","Alle Artikel sind aktuell.","Everything is up to date.","Todos los artículos están al día.","Everything is up to date.","Tous les articles sont à jour.","Everything is up to date.","Tutti gli articoli sono aggiornati.","すべてのアイテムは最新です。","Everything is up to date.","Everything is up to date.","Todos os itens estão atualizados.","Все товары актуальны.","Everything is up to date.","Tüm ürünler güncel durumda.","Усі товари актуальні.",,
home.header,"Home","Home","Home","Startseite","Home","Inicio","Home","Accueil","Home","Home","ホーム","Home","Home","Início","Главная","Home","Ana Sayfa","Головна",,
home.overview.title,"Overview","Overview","Overview","Überblick","Overview","Resumen","Overview","Aperçu","Overview","Panoramica","概要","Overview","Overview","Visão Geral","Обзор","Overview","Genel Bakış","Огляд",,
home.quickActions,"Quick Actions","Quick Actions","Quick Actions","Schnellaktionen","Quick Actions","Acciones Rápidas","Quick Actions","Actions Rapides","Quick Actions","Azioni Rapide","クイックアクション","Quick Actions","Quick Actions","Ações Rápidas","Быстрые действия","Quick Actions","Hızlı İşlemler","Швидкі дії",,
home.quickActions.addProduct,"Add Product","Add Product","Add Product","Produkt hinzufügen","Add Product","Agregar Producto","Add Product","Ajouter Produit","Add Product","Aggiungi Prodotto","アイテムを追加","Add Product","Add Product","Adicionar Produto","Добавить товар","Add Product","Ürün Ekle","Додати товар",,
home.quickActions.capture,"Capture Photo","Capture Photo","Capture Photo","Foto aufnehmen","Capture Photo","Tomar Foto","Capture Photo","Prendre Photo","Capture Photo","Scatta Foto","写真を撮る","Capture Photo","Capture Photo","Capturar Foto","Сделать фото","Capture Photo","Fotoğraf Çek","Зняти фото",,
home.quickActions.inventory,"Manage Inventory","Manage Inventory","Manage Inventory","Bestand verwalten","Manage Inventory","Gestionar Inventario","Manage Inventory","Gérer Inventaire","Manage Inventory","Gestisci Scorte","在庫を管理","Manage Inventory","Manage Inventory","Gerenciar Estoque","Управлять запасами","Manage Inventory","Stok Yönetimi","Керувати запасами",,
home.stats.bags,"Bags","Bags","Bags","Taschen","Bags","Bolsas","Bags","Sacs","Bags","Borse","バッグ","Bags","Bags","Bolsas","Сумки","Bags","Çantalar","Сумки",,
home.stats.expired,"Expired Items","Expired Items","Expired Items","Abgelaufen","Expired Items","Vencidos","Expired Items","Expirés","Expired Items","Scaduti","期限切れ","Expired Items","Expired Items","Vencidos","Просрочены","Expired Items","Süresi dolan","Прострочено",,
home.stats.expiring,"Expiring Soon","Expiring Soon","Expiring Soon","Laufen bald ab","Expiring Soon","Vence Pronto","Expiring Soon","Expire Bientôt","Expiring Soon","In Scadenza","まもなく期限","Expiring Soon","Expiring Soon","Vencendo","Скоро истекают","Expiring Soon","Yakında süresi dolacak","Скоро закінчаться",,
home.stats.outOfStock,,,,,"Out of Stock",,,,,,,,,,,,"Stoğu Tükendi",,,
home.stats.products,"Products","Products","Products","Produkte","Products","Productos","Products","Produits","Products","Prodotti","アイテム","Products","Products","Produtos","Товары","Products","Ürünler","Товари",,
home.title,"የእኔ የአስቸኳይ ጥቅል","حقيبة الطوارئ الخاصة بي","আমার জরুরি কিট","Mein Notfallset","My Emergency Kit","Mi Kit de Emergencia","کیت اضطراری من","Mon Kit d'Urgence","मेरा आपातकालीन किट","Il Mio Kit di Emergenza","私の非常用キット","내 비상 키트","ကျွန်တော့် အရေးပေါ်ကိရိယာ","Meu Kit de Emergência","Моя аварийная сумка","Kitaabkayga Xaalad-dhaafka ah","Acil Durum Çantam","Мій аварійний комплект","میرا ہنگامی کٹ","我的应急包"
info.file.delete,,,,,"Delete",,,,,,,,,,,,"Sil",,,
info.file.deleteSnack,,,,,"File deleted!",,,,,,,,,,,,"Dosya silindi!",,,
info.file.download,,,,,"Download",,,,,,,,,,,,"İndir",,,
info.file.downloadSnack,,,,,"Downloading file...",,,,,,,,,,,,"Dosya indiriliyor...",,,
info.filesTitle,,,,,"My Files",,,,,,,,,,,,"Dosyalarım",,,
info.uploadButton,,,,,"Upload File",,,,,,,,,,,,"Dosya Yükle",,,
info.uploadSnack,,,,,"File upload feature coming soon!",,,,,,,,,,,,"Dosya yükleme özelliği yakında gelecek!",,,
items.count,"{count} እቃዎች","{count} عنصر","{count}টি আইটেম","{count} Artikel","{count} items","{count} artículos","{count} مورد","{count} articles","{count} आइटम","{count} oggetti","{count}個のアイテム","{count}개 항목","ပစ္စည်း {count} ခု",,"{count} товаров","{count} shay","{count} ürün","{count} товарів","{count} آئٹمز","{count}件物品"
language.amharic,"አማርኛ","አማርኛ","አማርኛ","አማርኛ","አማርኛ","አማርኛ","አማርኛ","አማርኛ","አማርኛ","አማርኛ","አማርኛ","አማርኛ","አማርኛ",,"አማርኛ","አማርኛ","አማርኛ","አማርኛ","አማርኛ","አማርኛ"
language.arabic,"العربية","العربية","العربية","العربية","العربية","العربية","العربية","العربية","العربية","العربية","العربية","العربية","العربية",,"العربية","العربية","العربية","العربية","العربية","العربية"
language.bengali,"বাংলা","বাংলা","বাংলা","বাংলা","বাংলা","বাংলা","বাংলা","বাংলা","বাংলা","বাংলা","বাংলা","বাংলা","বাংলা",,"বাংলা","বাংলা","বাংলা","বাংলা","বাংলা","বাংলা"
language.chinese,"中文","中文","中文","中文","中文","中文","中文","中文","中文","中文","中文","中文","中文",,"中文","中文","中文","中文","中文","中文"
language.english,"English","English","English","English","English","English","English","English","English","English","English","English","English",,"English","English","English","English","English","English"
language.french,"Français","Français","Français","Français","Français","Français","Français","Français","Français","Français","Français","Français","Français",,"Français","Français","Français","Français","Français","Français"
language.german,"Deutsch","Deutsch","Deutsch","Deutsch","Deutsch","Deutsch","Deutsch","Deutsch","Deutsch","Deutsch","Deutsch","Deutsch","Deutsch",,"Deutsch","Deutsch","Deutsch","Deutsch","Deutsch","Deutsch"
language.hindi,"हिन्दी","हिन्दी","हिन्दी","हिन्दी","हिन्दी","हिन्दी","हिन्दी","हिन्दी","हिन्दी","हिन्दी","हिन्दी","हिन्दी","हिन्दी",,"हिन्दी","हिन्दी","हिन्दी","हिन्दी","हिन्दी","हिन्दी"
language.italian,"Italiano","Italiano","Italiano","Italiano","Italiano","Italiano","Italiano","Italiano","Italiano","Italiano","Italiano","Italiano","Italiano",,"Italiano","Italiano","Italiano","Italiano","Italiano","Italiano"
language.japanese,"日本語","日本語","日本語","日本語","日本語","日本語","日本語","日本語","日本語","日本語","日本語","日本語","日本語",,"日本語","日本語","日本語","日本語","日本語","日本語"
language.korean,"한국어","한국어","한국어","한국어","한국어","한국어","한국어","한국어","한국어","한국어","한국어","한국어","한국어",,"한국어","한국어","한국어","한국어","한국어","한국어"
language.myanmar,"မြန်မာ","မြန်မာ","မြန်မာ","မြန်မာ","မြန်မာ","မြန်မာ","မြန်မာ","မြန်မာ","မြန်မာ","မြန်မာ","မြန်မာ","မြန်မာ","မြန်မာ",,"မြန်မာ","မြန်မာ","မြန်မာ","မြန်မာ","မြန်မာ","မြန်မာ"
language.persian,"فارسی","فارسی","فارسی","فارسی","فارسی","فارسی","فارسی","فارسی","فارसی","فارسی","فارسی","فارسی","فارسی",,"فارسی","فارسی","فارسی","فارسی","فارسی","فارسی"
language.portuguese,"Português","Português","Português","Português","Português","Português","Português","Português","Português","Português","Português","Português","Português",,"Português","Português","Português","Português","Português","Português"
language.russian,"Русский","Русский","Русский","Русский","Русский","Русский","Русский","Русский","Русский","Русский","Русский","Русский","Русский",,"Русский","Русский","Русский","Русский","Русский","Русский"
language.somali,"Soomaali","Soomaali","Soomaali","Soomaali","Soomaali","Soomaali","Soomaali","Soomaali","Soomaali","Soomaali","Soomaali","Soomaali","Soomaali",,"Soomaali","Soomaali","Soomaali","Soomaali","Soomaali","Soomaali"
language.spanish,"Español","Español","Español","Español","Español","Español","Español","Español","Español","Español","Español","Español","Español",,"Español","Español","Español","Español","Español","Español"
language.turkish,"Türkçe","Türkçe","Türkçe","Türkçe","Türkçe","Türkçe","Türkçe","Türkçe","Türkçe","Türkçe","Türkçe","Türkçe","Türkçe",,"Türkçe","Türkçe","Türkçe","Türkçe","Türkçe","Türkçe"
language.ukrainian,"Українська","Українська","Українська","Українська","Українська","Українська","Українська","Українська","Українська","Українська","Українська","Українська","Українська",,"Українська","Українська","Українська","Українська","Українська","Українська"
language.urdu,"اردو","اردو","اردو","اردو","اردو","اردو","اردو","اردو","اردو","اردو","اردو","اردو","اردو",,"اردو","اردو","اردو","اردو","اردو","اردو"
location.note,"የአካባቢ ማስታወሻ","ملاحظة الموقع","অবস্থান নোট","Standortnotiz","Location Note","Nota de Ubicación","یادداشت موقعیت","Note d'Emplacement","स्थान नोट","Nota Posizione","場所メモ","위치 메모","တည်နေရာမှတ်စု","Nota de Localização","Местоположение","Fiiro gaar ah ee goobta","Konum Notu","Примітка про місцезнаходження","مقام کا نوٹ","位置备注"
management.add.button,,,,,"Add new category",,,,,,,,,,,,"Yeni kategori ekle",,,
management.add.dialog.action,,,,,"Add",,,,,,,,,,,,"Ekle",,,
management.add.dialog.error.duplicate,,,,,"This category already exists.",,,,,,,,,,,,"Bu kategori zaten mevcut.",,,
management.add.dialog.error.length,,,,,"Category name must be at least 2 characters.",,,,,,,,,,,,"Kategori adı en az 2 karakter olmalı.",,,
management.add.dialog.hint,,,,,"Category name",,,,,,,,,,,,"Kategori adı",,,
management.add.dialog.title,,,,,"Add new category",,,,,,,,,,,,"Yeni kategori ekle",,,
management.add.success,,,,,"{name} category added.",,,,,,,,,,,,"{name} kategorisi eklendi.",,,
management.custom.empty,,,,,"You have not added any custom categories yet.",,,,,,,,,,,,"Henüz özel kategori eklemediniz.",,,
management.custom.subtitle,,,,,"Add categories tailored to your needs.",,,,,,,,,,,,"Kendi ihtiyaçlarınıza uygun kategoriler ekleyin.",,,
management.custom.title,,,,,"Custom Categories",,,,,,,,,,,,"Özel Kategoriler",,,
management.delete.action,,,,,"Delete Category",,,,,,,,,,,,"Kategoriyi Sil",,,
management.delete.cancel,,,,,"Cancel",,,,,,,,,,,,"İptal",,,
management.delete.confirm,,,,,"Are you sure you want to delete ""{name}""?",,,,,,,,,,,,"""{name}"" kategorisini silmek istediğinize emin misiniz?",,,
management.fixed.count,,,,,"{count} categories",,,,,,,,,,,,"{count} kategori",,,
management.fixed.description,,,,,"These categories are defined by the memory bank and cannot be edited.",,,,,,,,,,,,"Bu kategoriler hafıza bankası gereği sabittir ve değiştirilemez.",,,
management.fixed.title,,,,,"Fixed Categories",,,,,,,,,,,,"Sabit Kategoriler",,,
management.stats.products,,,,,"{count} items",,,,,,,,,,,,"{count} ürün",,,
management.subtitle,,,,,"Organize categories and keep your stock classification under control.",,,,,,,,,,,,"Kategorileri düzenleyin ve stok sınıflandırmasını kontrol edin.",,,
management.title,,,,,"Management Panel",,,,,,,,,,,,"Yönetim Paneli",,,
medical,"ሕክምና","طبي","চিকিৎসা","Medizinisch","Medical","Médico","پزشکی","Médical","चिकित्सा","Medico","医療","의료","ဆေးဘက်ဆိုင်ရာ","Médico","Медицина","Cilmiga","Tıbbi","Медичний","طبی","医疗"
nav.bags,"ቦርሳዎች","الحقائب","ব্যাগ","Taschen","Bags","Bolsas","کیف‌ها","Sacs","बैग्स","Borse","バッグ","가방","အိတ်များ","Bolsas","Сумки","Kiishashada","Çantalar","Сумки","بیگز","包袋"
nav.depot,"መጋዘን","المستودع","ডিপো","Depot","Depot","Depósito","انبار","Dépôt","डिपो","Deposito","倉庫","창고","ကုန်လှောင်ရုံ","Depósito","Склад","Bakhaarrada","Depo","Склад","ڈپو","仓库"
nav.home,"ቤት","الرئيسية","হোম","Startseite","Home","Inicio","خانه","Accueil","होम","Home","ホーム","홈","မူလစာမျက်နှာ","Início","Главная","Guriga","Ana Sayfa","Головна","ہوم","首页"
nav.info,"መረጃ","معلومات","তথ্য","Info","Info","Info","اطلاعات","Info","जानकारी","Info","情報","정보","အချက်အလက်","Informações","Информация","Macluumaadka","Bilgi","Інформація","معلومات","信息"
nav.products,"ምርቶች","المنتجات","পণ্য","Produkte","Products","Productos","محصولات","Produits","उत्पाद","Prodotti","製品","제품","ကုန်ပစ္စည်းများ","Produtos","Товары","Alaabooyinka","Ürünler","Продукти","مصنوعات","产品"
nav.settings,"ቅንብሮች","الإعدادات","সেটিংস","Einstellungen","Settings","Ajustes","تنظیمات","Paramètres","सेटिंग्स","Impostazioni","設定","설정","ဆက်တင်များ","Configurações","Настройки","Dejinta","Ayarlar","Налаштування","ترتیبات","设置"
newProduct.category.custom.create,,,,,"Add",,,,,,,,,,,,"Ekle",,,
newProduct.category.custom.error.duplicate,,,,,"This category already exists",,,,,,,,,,,,"Bu kategori zaten mevcut",,,
newProduct.category.custom.error.length,,,,,"Category name must be at least 2 characters",,,,,,,,,,,,"Kategori adı en az 2 karakter olmalı",,,
newProduct.category.custom.hint,,,,,"Enter category name",,,,,,,,,,,,"Kategori adını girin",,,
newProduct.category.custom.title,,,,,"New category",,,,,,,,,,,,"Yeni kategori",,,
newProduct.category.label,"Category","Category","Category","Kategorie","Category","Categoría","Category","Catégorie","Category","Categoria","カテゴリ","Category","Category","Categoria","Категория","Category","Kategori","Категорія",,
newProduct.edit.title,,,,,"Edit Product",,,,,,,,,,,,"Ürünü Düzenle",,,
newProduct.expiry.label,"Expiry Date","Expiry Date","Expiry Date","Ablaufdatum","Expiry Date","Fecha de Vencimiento","Expiry Date","Date d'expiration","Expiry Date","Data di Scadenza","有効期限","Expiry Date","Expiry Date","Data de Vencimento","Срок годности","Expiry Date","Son Kullanma Tarihi","Термін придатності",,
newProduct.expiry.placeholder,"Select a date","Select a date","Select a date","Datum auswählen","Select a date","Selecciona una fecha","Select a date","Sélectionnez une date","Select a date","Seleziona una data","日付を選択","Select a date","Select a date","Selecione uma data","Выберите дату","Select a date","Tarih seçin","Оберіть дату",,
newProduct.image.actions.camera,,,,,"Camera",,,,,,,,,,,,"Kamera",,,
newProduct.image.actions.gallery,,,,,"Gallery",,,,,,,,,,,,"Galeri",,,
newProduct.image.actions.remove,,,,,"Remove photo",,,,,,,,,,,,"Fotoğrafı kaldır",,,
newProduct.image.actions.title,,,,,"Choose photo",,,,,,,,,,,,"Fotoğraf seç",,,
newProduct.image.captured,"Photo attached. Fill in the remaining fields.","Photo attached. Fill in the remaining fields.","Photo attached. Fill in the remaining fields.","Foto hinzugefügt. Bitte restliche Angaben ausfüllen.","Photo attached. Fill in the remaining fields.","Foto adjunta. Completa el resto de la información.","Photo attached. Fill in the remaining fields.","Photo ajoutée. Complétez les autres informations.","Photo attached. Fill in the remaining fields.","Foto aggiunta. Completa le altre informazioni.","写真が追加されました。残りの情報を入力してください。","Photo attached. Fill in the remaining fields.","Photo attached. Fill in the remaining fields.","Foto adicionada. Complete as demais informações.","Фото добавлено. Заполните оставшиеся поля.","Photo attached. Fill in the remaining fields.","Fotoğraf başarıyla eklendi. Diğer bilgileri tamamlayın.","Фото додано. Заповніть решту полів.",,
newProduct.image.helper,"Add product visuals here","Add product visuals here","Add product visuals here","Fügen Sie hier Produktbilder hinzu","Add product visuals here","Agrega imágenes del producto aquí","Add product visuals here","Ajoutez des visuels du produit ici","Add product visuals here","Aggiungi qui le immagini del prodotto","ここに製品写真を追加してください","Add product visuals here","Add product visuals here","Adicione imagens do produto aqui","Добавьте изображения товара здесь","Add product visuals here","Ürün görsellerini buradan ekleyin","Додайте зображення товару тут",,
newProduct.image.label,"Product Image","Product Image","Product Image","Produktbild","Product Image","Imagen del Producto","Product Image","Image du produit","Product Image","Immagine Prodotto","アイテム写真","Product Image","Product Image","Imagem do Produto","Изображение товара","Product Image","Ürün Fotoğrafı","Зображення товару",,
newProduct.location.hint,"Where is this product stored?","Where is this product stored?","Where is this product stored?","Wo wird dieses Produkt gelagert?","Where is this product stored?","¿Dónde se almacena este producto?","Where is this product stored?","Où est stocké ce produit ?","Where is this product stored?","Dove è conservato il prodotto?","このアイテムはどこにありますか？","Where is this product stored?","Where is this product stored?","Onde este produto está armazenado?","Где хранится этот товар?","Where is this product stored?","Ürünün bulunduğu konumu yazın","Де зберігається цей товар?",,
newProduct.location.label,"Location","Location","Location","Standort","Location","Ubicación","Location","Emplacement","Location","Posizione","保管場所","Location","Location","Local","Местоположение","Location","Konum","Місцезнаходження",,
newProduct.name.hint,"Enter the product name","Enter the product name","Enter the product name","Geben Sie den Produktnamen ein","Enter the product name","Ingresa el nombre del producto","Enter the product name","Saisissez le nom du produit","Enter the product name","Inserisci il nome del prodotto","アイテム名を入力","Enter the product name","Enter the product name","Informe o nome do produto","Введите название товара","Enter the product name","Ürünün adını girin","Введіть назву товару",,
newProduct.name.label,"Product Name","Product Name","Product Name","Produktname","Product Name","Nombre del Producto","Product Name","Nom du produit","Product Name","Nome Prodotto","アイテム名","Product Name","Product Name","Nome do Produto","Название товара","Product Name","Ürün Adı","Назва товару",,
newProduct.notes.hint,"Add an optional note","Add an optional note","Add an optional note","Fügen Sie eine optionale Notiz hinzu","Add an optional note","Agrega una nota opcional","Add an optional note","Ajoutez une note optionnelle","Add an optional note","Aggiungi una nota facoltativa","任意のメモを追加","Add an optional note","Add an optional note","Adicione uma nota opcional","Добавьте необязательную заметку","Add an optional note","Ürün hakkında not ekleyin","Додайте необов'язкову примітку",,
newProduct.notes.label,"Notes","Notes","Notes","Notizen","Notes","Notas","Notes","Notes","Notes","Note","メモ","Notes","Notes","Notas","Примечания","Notes","Notlar","Примітки",,
newProduct.pageTitle,"Add New Product","Add New Product","Add New Product","Neues Produkt","Add New Product","Nuevo Producto","Add New Product","Nouveau Produit","Add New Product","Nuovo Prodotto","新しいアイテム","Add New Product","Add New Product","Novo Produto","Новый товар","Add New Product","Yeni Ürün","Новий товар",,
newProduct.reminder.label,"Reminder Date","Reminder Date","Reminder Date","Erinnerungsdatum","Reminder Date","Fecha de Recordatorio","Reminder Date","Date de rappel","Reminder Date","Data Promemoria","リマインダー日","Reminder Date","Reminder Date","Data de Lembrete","Дата напоминания","Reminder Date","Hatırlatma Tarihi","Дата нагадування",,
newProduct.reminder.placeholder,,,,,"Select reminder date",,,,,,,,,,,,"Hatırlatma tarihi seçin",,,
newProduct.save.success,,,,,"{name} has been saved.",,,,,,,,,,,,"{name} ürünü kaydedildi.",,,
newProduct.storage.error,,,,,"Please choose where the product will be stored",,,,,,,,,,,,"Lütfen bir saklama alanı seçin",,,
newProduct.storage.label,,,,,"Storage Location",,,,,,,,,,,,"Saklama Alanı",,,
newProduct.storage.placeholder,,,,,"Select a bag or depot",,,,,,,,,,,,"Çanta veya depo seçin",,,
newProduct.storage.selected,,,,,"{type}: {name}",,,,,,,,,,,,"{type}: {name}",,,
newProduct.storage.sheet.bags,,,,,"Bags",,,,,,,,,,,,"Çantalar",,,
newProduct.storage.sheet.depots,,,,,"Depots",,,,,,,,,,,,"Depolar",,,
newProduct.storage.sheet.empty,,,,,"You haven't created any bags or depots yet.",,,,,,,,,,,,"Henüz hiç çanta veya depo oluşturmadınız.",,,
newProduct.storage.sheet.itemCount,,,,,"{count} items",,,,,,,,,,,,"{count} ürün",,,
newProduct.storage.sheet.title,,,,,"Pick a storage location",,,,,,,,,,,,"Saklama alanını seç",,,
newProduct.storage.type.bag,,,,,"Bag",,,,,,,,,,,,"Çanta",,,
newProduct.storage.type.depot,,,,,"Depot",,,,,,,,,,,,"Depo",,,
newProduct.update.success,,,,,"{name} has been updated.",,,,,,,,,,,,"{name} ürünü güncellendi.",,,
notes,"ማስታወሻዎች","ملاحظات","নোট","Notizen","Notes","Notas","یادداشت‌ها","Notes","नोट्स","Note","メモ","메모","မှတ်စုများ","Notas","Примечания","Fiiro gaar ah","Notlar","Примітки","نوٹس","备注"
notification.days.before,"የሚያልቅ ቀን ከመጣ በፊት ስንት ቀናት ማስታወሻ ይሰጥ?","تذكير بعدد الأيام قبل انتهاء الصلاحية؟","মেয়াদ শেষ হওয়ার কত দিন আগে রিমাইন্ডার দেবেন?","Wie viele Tage vor Ablauf erinnern?","Remind how many days before expiry?","¿Recordar cuántos días antes del vencimiento?","چند روز قبل از انقضا یادآوری شود؟","Rappeler combien de jours avant expiration ?","समाप्ति से कितने दिन पहले अनुस्मारक दें?","Ricorda quanti giorni prima della scadenza?","期限の何日前にリマインドしますか？","만료 며칠 전에 알림을 받을까요?","သက်တမ်းကုန်မည့်ရက်မတိုင်မီ ဘယ်နှစ်ရက်အလိုတွင် အသိပေးမလဲ။","Lembrar quantos dias antes do vencimento?","Напоминать за сколько дней до истечения срока?","Ka hor taariikhda dhamaadka, kiiyaal maalmood ka hor xusuusin?","Hatırlatma kaç gün önceden gelsin?","Нагадувати за скільки днів до закінчення терміну?","مدت ختم ہونے سے کتنے دن پہلے یاد دہانی کریں؟","过期前多少天提醒？"
notifications.stockAlert.expired,,,,,"{count} items have expired.",,,,,,,,,,,,"{count} ürünün son kullanma tarihi geçti.",,,
notifications.stockAlert.missing,,,,,"{count} items are out of stock.",,,,,,,,,,,,"{count} ürünün stoğu tükendi.",,,
notifications.stockAlert.title,,,,,"Emergency Stock Alert",,,,,,,,,,,,"Acil Durum Uyarısı",,,
notifications.weeklyReminder.body,,,,,"Remember to review your kits and emergency supplies.",,,,,,,,,,,,"Çantalarınızı ve stoklarınızı gözden geçirmeyi unutmayın.",,,
notifications.weeklyReminder.title,,,,,"Emergency Preparedness Check",,,,,,,,,,,,"Acil Durum Kontrolü",,,
photoCapture.button,"Take Photo","Take Photo","Take Photo","Foto aufnehmen","Take Photo","Tomar Foto","Take Photo","Prendre une photo","Take Photo","Scatta Foto","写真を撮る","Take Photo","Take Photo","Tirar Foto","Сделать фото","Take Photo","Fotoğraf Çek","Зняти фото",,
photoCapture.description,"After the photo is taken, you'll jump straight to the product form.","After the photo is taken, you'll jump straight to the product form.","After the photo is taken, you'll jump straight to the product form.","Nach dem Foto gelangen Sie direkt zum Produktformular.","After the photo is taken, you'll jump straight to the product form.","Después de tomar la foto irás directamente al formulario del producto.","After the photo is taken, you'll jump straight to the product form.","Après la photo, vous serez dirigé vers le formulaire du produit.","After the photo is taken, you'll jump straight to the product form.","Dopo lo scatto verrai portato direttamente al modulo del prodotto.","写真撮影後、アイテム登録フォームに移動します。","After the photo is taken, you'll jump straight to the product form.","After the photo is taken, you'll jump straight to the product form.","Após a foto, você será levado ao formulário do produto.","После снимка вы перейдёте к форме товара.","After the photo is taken, you'll jump straight to the product form.","Fotoğraf çekildikten sonra bilgiler ekranına yönlendirileceksiniz.","Після фото ви перейдете до форми товару.",,
photoCapture.error,"Couldn't capture the photo. Please try again.","Couldn't capture the photo. Please try again.","Couldn't capture the photo. Please try again.","Foto konnte nicht aufgenommen werden. Bitte erneut versuchen.","Couldn't capture the photo. Please try again.","No se pudo tomar la foto. Inténtalo de nuevo.","Couldn't capture the photo. Please try again.","Impossible de capturer la photo. Veuillez réessayer.","Couldn't capture the photo. Please try again.","Impossibile scattare la foto. Riprova.","写真を取得できませんでした。もう一度お試しください。","Couldn't capture the photo. Please try again.","Couldn't capture the photo. Please try again.","Não foi possível tirar a foto. Tente novamente.","Не удалось сделать фото. Повторите попытку.","Couldn't capture the photo. Please try again.","Fotoğraf alınamadı. Lütfen tekrar deneyin.","Не вдалося зробити фото. Спробуйте ще раз.",,
photoCapture.helper,"Start by taking a clear photo of the item.","Start by taking a clear photo of the item.","Start by taking a clear photo of the item.","Beginnen Sie mit einem klaren Foto des Artikels.","Start by taking a clear photo of the item.","Comienza tomando una foto clara del artículo.","Start by taking a clear photo of the item.","Commencez par prendre une photo claire de l'article.","Start by taking a clear photo of the item.","Inizia scattando una foto chiara dell'articolo.","最初にアイテムの鮮明な写真を撮影してください。","Start by taking a clear photo of the item.","Start by taking a clear photo of the item.","Comece tirando uma foto clara do item.","Начните с чёткого фото предмета.","Start by taking a clear photo of the item.","Ürünü hızlıca kaydetmek için önce fotoğrafını çekin.","Почніть з чіткого фото предмета.",,
photoCapture.loading,"Processing the photo...","Processing the photo...","Processing the photo...","Foto wird verarbeitet...","Processing the photo...","Procesando la foto...","Processing the photo...","Traitement de la photo...","Processing the photo...","Elaborazione foto...","写真を処理しています...","Processing the photo...","Processing the photo...","Processando a foto...","Фото обрабатывается...","Processing the photo...","Fotoğraf hazırlanıyor...","Опрацювання фото...",,
photoCapture.title,"Capture Product Photo","Capture Product Photo","Capture Product Photo","Produktfoto aufnehmen","Capture Product Photo","Capturar Foto del Producto","Capture Product Photo","Capturer la photo du produit","Capture Product Photo","Scatta la foto del prodotto","アイテムの写真を撮影","Capture Product Photo","Capture Product Photo","Capturar foto do produto","Сделайте фото товара","Capture Product Photo","Ürün Fotoğrafı","Зняти фото товару",,
police.fire,"ፖሊስ / የእሳት መከላከያ: 112","الشرطة / الإطفاء: 112","পুলিশ / অগ্নিনির্বাপণ: 112","Polizei / Feuerwehr: 112","Police / Fire: 112","Policía / Bomberos: 112","پلیس / آتش‌نشانی: 112","Police / Pompiers : 112","पुलिस / अग्निशमन: 112","Polizia / Vigili del Fuoco: 112","警察 / 消防: 112","경찰 / 소방: 112","ရဲ / မီးသတ်: 112","Polícia / Bombeiros: 112","Полиция / Пожарная: 112","Boolis / Dagaal: 112","Polis / İtfaiye: 112","Поліція / Пожежна: 112","پولیس / فائر بریگیڈ: 112","警察 / 消防：112"
productDetail.delete.message,,,,,"Are you sure you want to delete this product?",,,,,,,,,,,,"Bu ürünü silmek istediğinizden emin misiniz?",,,
productDetail.delete.title,,,,,"Delete Product",,,,,,,,,,,,"Ürünü Sil",,,
productDetail.expiry.label,,,,,"Expiry Date",,,,,,,,,,,,"Son Kullanma Tarihi",,,
productDetail.expiry.remaining,,,,,"{days} days remaining",,,,,,,,,,,,"{days} gün kaldı",,,
productDetail.lastUpdated,,,,,"Last Updated",,,,,,,,,,,,"Son Güncelleme",,,
productDetail.location.empty,,,,,"No location details provided.",,,,,,,,,,,,"Konum bilgisi eklenmedi.",,,
productDetail.location.label,,,,,"Location Note",,,,,,,,,,,,"Konum Notu",,,
productDetail.notFound,,,,,"This product could not be found or may have been removed.",,,,,,,,,,,,"Bu ürün bulunamadı veya silinmiş olabilir.",,,
productDetail.notes.empty,,,,,"No notes have been added for this product.",,,,,,,,,,,,"Bu ürün için not eklenmedi.",,,
productDetail.notes.label,,,,,"Notes",,,,,,,,,,,,"Notlar",,,
productDetail.reminder.label,,,,,"Reminder Date",,,,,,,,,,,,"Hatırlatma Tarihi",,,
productDetail.title,,,,,"Product Details",,,,,,,,,,,,"Ürün Detayları",,,
products.add_image,"ምስል ጨምር","إضافة صورة","ছবি যোগ করুন","Bild hinzufügen","Add Image","Agregar Imagen","افزودن تصویر","Ajouter Image","छवि जोड़ें","Aggiungi Immagine","画像を追加","이미지 추가","ပုံထည့်ပါ","Adicionar Imagem","Добавить изображение","Ku dar Sawir","Resim Ekle","Додати зображення","تصویر شامل کریں","添加图像"
products.antiseptic_wipe,"ፀረ-ባክቴሪያ መጸዳጃ","مناديل مطهرة","অ্যান্টিসেপটিক ওয়াইপ","Antiseptisches Tuch","Antiseptic Wipe","Toallita Antiséptica","دستمال ضدعفونی‌کننده","Lingette Antiseptique","एंटीसेप्टिक वाइप","Salvietta Antisettica","消毒シート","소독 물티슈","ပိုးသတ်သုတ်စက်","Lenço Antisséptico","Антисептическая салфетка","Khaamidka Ka-hortagga","Antiseptik Mendil","Антисептичні серветки","اینٹی سیپٹک وائپ","消毒湿巾"
products.bandage,"ማሰሪያ","ضمادة الجروح","ব্যান্ডেজ","Verband","Bandage","Vendaje","باند","Bandage","पट्टी","Benda","包帯","붕대","အနာကပ်ပုံး","Bandagem","Бинт","Shaash","Yara Bandı","Бинт","پٹی","绷带"
products.canned_beans,"የቆርቆሮ ባቄላ","فاصوليا معلبة","ক্যানড বিনস","Bohnen in Dosen","Canned Beans","Frijoles Enlatados","لوبیا کنسروی","Haricots en Conserve","डिब्बाबंद फली","Fagioli in Scatola","缶詰豆","콩 통조림","ပဲပုံး","Feijão Enlatado","Консервированная фасоль","Digir Qudaar","Konserve Fasulye","Консерви квасолі","ڈبہ بند لوبیا","罐装豆子"
products.category,"ምድብ","الفئة","বিভাগ","Kategorie","Category","Categoría","دسته‌بندی","Catégorie","श्रेणी","Categoria","カテゴリ","카테고리","အမျိုးအစား","Categoria","Категория","Qeybta","Kategori","Категорія","زمرہ","类别"
products.empty.description,,,,,"Add your first product to start tracking emergency supplies.",,,,,,,,,,,,"Yeni bir ürün ekleyerek acil durum stoğunuzu oluşturmaya başlayın.",,,
products.empty.title,,,,,"No products yet",,,,,,,,,,,,"Henüz kayıtlı ürün yok",,,
products.energy_bar,"የሃይል ባር","قطعة طاقة","এনার্জি বার","Energieriegel","Energy Bar","Barra Energética","بار انرژی","Barre Énergétique","एनर्जी बार","Barretta Energetica","エナジーバー","에너지바","စွမ်းအင်ဘား","Barra Energética","Энергетический батончик","Bar Tamarta","Enerji Barı","Енергетичний батончик","انرجی بار","能量棒"
products.filter.category.all,,,,,"All categories",,,,,,,,,,,,"Tüm kategoriler",,,
products.filter.category.clear,,,,,"Clear selection",,,,,,,,,,,,"Seçimi temizle",,,
products.filter.category.title,,,,,"Choose category",,,,,,,,,,,,"Kategori seçimi",,,
products.filter.days.all,,,,,"All",,,,,,,,,,,,"Tümü",,,
products.filter.days.expired,,,,,"Expired",,,,,,,,,,,,"Süresi dolanlar",,,
products.filter.days.expiringSoon,,,,,"Expiring soon",,,,,,,,,,,,"Yakında bitecek",,,
products.filter.days.title,,,,,"Expiry filters",,,,,,,,,,,,"SKT filtreleri",,,
products.filter.name.az,,,,,"Name (A-Z)",,,,,,,,,,,,"Ad (A-Z)",,,
products.filter.name.za,,,,,"Name (Z-A)",,,,,,,,,,,,"Ad (Z-A)",,,
products.filter.reset,,,,,"Reset filters",,,,,,,,,,,,"Filtreleri sıfırla",,,
products.name,"ስም","الاسم","নাম","Name","Name","Nombre","نام","Nom","नाम","Nome","名前","이름","အမည်","Nome","Название","Magaca","Ad","Назва","نام","名称"
products.remaining_days,"የቀሩ ቀናት","الأيام المتبقية","বাকি দিন","Verbleibende Tage","Remaining Days","Días Restantes","روزهای باقی‌مانده","Jours Restants","शेष दिन","Giorni Rimanenti","残り日数","남은 일수","ကျန်ရှိရက်များ","Dias Restantes","Осталось дней","Maalmaha Hadhay","Kalan Gün","Залишилось днів","باقی دن","剩余天数"
products.search,"ምርቶችን ፈልግ","البحث عن المنتجات","পণ্য অনুসন্ধান","Produkte suchen","Search products","Buscar productos","جستجوی محصولات","Rechercher produits","उत्पाद खोजें","Cerca prodotti","製品を検索","제품 검색","ကုန်ပစ္စည်း ရှာဖွေပါ","Pesquisar produtos","Поиск товаров","Raadi Alaabooyin","Ürün ara","Пошук продуктів","مصنوعات تلاش کریں","搜索产品"
products.stock,"መጋዘን","المخزون","স্টক","Lager","Stock","Stock","موجودی","Stock","स्टॉक","Scorte","在庫","재고","စတော့","Estoque","Запас","Kaydi","Stok","Запас","اسٹاک","库存"
products.title,"ምርቶች","المنتجات","পণ্য","Produkte","Products","Productos","محصولات","Produits","उत्पाद","Prodotti","製品","제품","ကုန်ပစ္စည်းများ","Produtos","Товары","Alaabooyinka","Ürünler","Продукти","مصنوعات","产品"
products.vitamins,"ቪታሚኖች","فيتامينات","ভিটামিন","Vitamine","Vitamins","Vitaminas","ویتامین‌ها","Vitamines","विटामिन","Vitamine","ビタミン","비타민","ဗီတာမင်များ","Vitaminas","Витамины","Vitamiinnada","Vitaminler","Вітаміни","وٹامنز","维生素"
products.water,"ውሃ","ماء","জল","Wasser","Water","Agua","آب","Eau","पानी","Acqua","水","물","ရေ","Água","Вода","Biyo","Su","Вода","پانی","水"
reminder.date,"የማስታወሻ ቀን","تاريخ التذكير","রিমাইন্ডার তারিখ","Erinnerungsdatum","Reminder Date","Fecha de Recordatorio","تاریخ یادآوری","Date de Rappel","अनुस्मारक तिथि","Data Promemoria","リマインダー日","리마인더 날짜","အမှတ်ရရက်","Data de Lembrete","Дата напоминания","Taariikhda xusuusin","Hatırlatma Tarihi","Дата нагадування","یاد دہانی کی تاریخ","提醒日期"
safe,"ደህና ነው","آمن","নিরাপদ","Sicher","Safe","Seguro","امن","Sécurisé","सुरक्षित","Sicuro","安全","안전","ဘေးကင်းပါသည်","Seguro","Безопасно","Aamin","Güvenli","Безпечно","محفوظ","安全"
save,"አስቀምጥ","حفظ","সংরক্ষণ করুন","Speichern","Save","Guardar","ذخیره","Enregistrer","सहेजें","Salva","保存","저장","သိမ်းပါ","Salvar","Сохранить","Kaydi","Kaydet","Зберегти","محفوظ کریں","保存"
search,"ፈልግ...","بحث...","অনুসন্ধান করুন...","Suchen...","Search...","Buscar...","جستجو...","Rechercher...","खोजें...","Cerca...","検索...","검색...","ရှာဖွေပါ...","Pesquisar...","Поиск...","Raadi...","Ara...","Пошук...","تلاش کریں...","搜索..."
settings,"ቅንብሮች","الإعدادات","সেটিংস","Einstellungen","Settings","Ajustes","تنظیمات","Paramètres","सेटिंग्स","Impostazioni","設定","설정","ဆက်တင်များ","Configurações","Настройки","Dejinta","Ayarlar","Налаштування","ترتیبات","设置"
settings.app_info,"የአፕሊኬሽን መረጃ","معلومات التطبيق","অ্যাপ তথ্য","App-Informationen","App Information","Información de la App","اطلاعات اپلیکیشن","Informations App","ऐप की जानकारी","Informazioni App","アプリ情報","앱 정보","အက်ပ်လီကေးရှင်း အချက်အလက်",,"Информация о приложении","Macluumaadka App-ka","Uygulama Bilgileri","Інформація про додаток","ایپ کی معلومات","应用信息"
settings.appearance,"ገጽታ","المظهر","চেহারা","Erscheinungsbild","Appearance","Apariencia","ظاهر","Apparence","दिखावट","Aspetto","外観","외관","အသွင်အပြင်",,"Внешний вид","Muuqaalka","Görünüm","Зовнішній вигляд","ظاہری شکل","外观"
settings.backup_cancelled,,,,,"Backup cancelled.",,,,,,,,,,,,"Yedekleme iptal edildi.",,,
settings.backup_data,"መረጃ ምትኬ","نسخ احتياطي للبيانات","ডেটা ব্যাকআপ","Daten sichern","Backup Data","Respaldar Datos","پشتیبان‌گیری داده‌ها","Sauvegarder Données","डेटा बैकअप","Backup Dati","データバックアップ","데이터 백업","ဒေတာ လုံခြုံစွာ သိမ်းဆည်းပါ",,"Резервное копирование данных","Xogta Kaydka","Veri Yedekle","Резервне копіювання даних","ڈیٹا بیک اپ","备份数据"
settings.backup_error,,,,,"Backup failed. Please try again.",,,,,,,,,,,,"Yedekleme sırasında bir sorun oluştu. Lütfen tekrar deneyin.",,,
settings.backup_save_title,,,,,"Choose where to save the backup",,,,,,,,,,,,"Yedek dosyasını kaydet",,,
settings.backup_success,,,,,"Backup saved to {path}.",,,,,,,,,,,,"Yedek {path} dosyasına kaydedildi.",,,
settings.clear_sample_data,"የምሳሌ ውሂብ አጥፋ","مسح البيانات التجريبية","নমুনা ডেটা মুছুন","Beispieldaten löschen","Clear sample data","Borrar datos de ejemplo","پاک کردن داده نمونه","Effacer les données d'exemple","नमूना डेटा साफ़ करें","Cancella dati di esempio","サンプルデータをクリア","샘플 데이터 삭제","နမူနာဒေတာ ဖယ်ရှားရန်","Limpar dados de exemplo","Очистить пример данных","Nadiifi xogta tusaalaha","Örnek Verileri Temizle","Очистити приклад даних","نمونہ ڈیٹا صاف کریں","清除示例数据"
settings.dark_theme,"ጨለማ ገጽታ","المظهر الداكن","ডার্ক থিম","Dunkles Theme","Dark Theme","Tema Oscuro","تم تیره","Thème Sombre","डार्क थीम","Tema Scuro","ダークテーマ","다크 테마","မှောင်မိုက်သစ်",,"Тёмная тема","Dulanka Madow","Koyu Tema","Темна тема","ڈارک تھیم","深色主题"
settings.data_management,"የመረጃ አስተዳደር","إدارة البيانات","ডেটা ব্যবস্থাপনা","Datenverwaltung","Data Management","Gestión de Datos","مدیریت داده‌ها","Gestion des Données","डेटा प्रबंधन","Gestione Dati","データ管理","데이터 관리","ဒေတာ စီမံခန့်ခွဲမှု",,"Управление данными","Maamulka Xogta","Veri Yönetimi","Управління даними","ڈیٹا کا انتظام","数据管理"
settings.days_before_expiry,"የማለቂያ ቀን ከመጣ በፊት ስንት ቀናት","كم يوم قبل انتهاء الصلاحية","মেয়াদ শেষ হওয়ার কত দিন আগে","Wie viele Tage vor Ablauf","How many days before expiry","Cuántos días antes del vencimiento","چند روز قبل از انقضا","Combien de jours avant expiration","समाप्ति से कितने दिन पहले","Quanti giorni prima della scadenza","有効期限の何日前","만료 며칠 전","သက်တမ်းကုန်မည့် ရက်များအလိုတွင်",,"За сколько дней до истечения срока","Maalmaha ka hor dhamaadka","SKT'den kaç gün önce","Днів до закінчення терміну","مدت ختم ہونے سے کتنے دن پہلے","过期前多少天"
settings.emergency_alert,"የአስቸኳይ ማንቂያ","تنبيه الطوارئ","জরুরি সতর্কতা","Notfall-Alarm","Emergency Alert","Alerta de Emergencia","هشدار اضطراری","Alerte d'Urgence","आपातकालीन अलर्ट","Allarme Emergenza","緊急アラート","비상 알림","အရေးပေါ် သတိပေးချက်",,"Экстренное оповещение","Digniin Xaalad-dhaafka ah","Acil Durum Düdüğü","Екстрене сповіщення","ہنگامی الرٹ","紧急警报"
settings.general,"አጠቃላይ","عام","সাধারণ","ALLGEMEIN","GENERAL","GENERAL","عمومی","GÉNÉRAL","सामान्य","GENERALE","一般","일반","အထွေထွေ",,"ОБЩЕЕ","Guud","GENEL","Загальні","عام","通用"
settings.help_support,"እርዳታ እና ድጋፍ","المساعدة والدعم","সাহায্য ও সহায়তা","Hilfe & Support","Help & Support","Ayuda y Soporte","کمک و پشتیبانی","Aide & Support","सहायता और सहयोग","Aiuto e Supporto","ヘルプ＆サポート","도움말 & 지원","အကူအညီ နှင့် ပံ့ပိုးကူညီမှု",,"Помощь и поддержка","Caawinta & Taageerada","Yardım & Destek","Допомога та підтримка","مدد اور سپورٹ","帮助和支持"
settings.language,"ቋንቋ ምርጫ","اختيار اللغة","ভাষা নির্বাচন","Sprache auswählen","Language Selection","Selección de Idioma","انتخاب زبان","Sélection de Langue","भाषा चयन","Selezione Lingua","言語選択","언어 선택","ဘာသာစကားရွေးချယ်မှု",,"Выбор языка","Doorashada Luuqadda","Dil Seçimi","Вибір мови","زبان کا انتخاب","语言选择"
settings.load_sample_data,"የምሳሌ ውሂብ ጫን","تحميل بيانات تجريبية","নমুনা ডেটা লোড করুন","Beispieldaten laden","Load sample data","Cargar datos de ejemplo","بارگذاری داده نمونه","Charger les données d'exemple","नमूना डेटा लोड करें","Carica dati di esempio","サンプルデータを読み込む","샘플 데이터 불러오기","နမူနာဒေတာ ထည့်ရန်","Carregar dados de exemplo","Загрузить пример данных","Ku shub xog tusaale ah","Örnek Verileri Yükle","Завантажити приклад даних","نمونہ ڈیٹا لوڈ کریں","加载示例数据"
settings.location_access,"የሥፍራ መዳረሻ","الوصول للموقع","অবস্থান অ্যাক্সেস","Standortzugriff","Location Access","Acceso a Ubicación","دسترسی مکان","Accès Localisation","स्थान पहुंच","Accesso Posizione","位置情報アクセス","위치 접근","တည်နေရာ ရယူခွင့်",,"Доступ к местоположению","Gelinta Meesha","Konum Erişimi","Доступ до місцезнаходження","مقام تک رسائی","位置访问"
settings.manage_categories,"ምድቦችን አስተዳድር","إدارة الفئات","বিভাগ পরিচালনা","Kategorien verwalten","Manage Categories","Gestionar Categorías","مدیریت دسته‌بندی‌ها","Gérer Catégories","श्रेणियों का प्रबंधन","Gestisci Categorie","カテゴリ管理","카테고리 관리","အမျိုးအစားများ စီမံခန့်ခွဲပါ",,"Управление категориями","Maameegarka Qeybaha","Kategorileri Yönet","Управління категоріями","زمروں کا انتظام","管理类别"
settings.management,"አስተዳደር","الإدارة","ব্যবস্থাপনা","Verwaltung","Management","Gestión","مدیریت","Gestion","प्रबंधन","Gestione","管理","관리","စီမံခန့်ခွဲမှု",,"Управление","Maamulka","Yönetim","Управління","انتظام","管理"
settings.notification_sound,"የማሳወቂያ ድምጽ","صوت الإشعار","বিজ্ঞপ্তির শব্দ","Benachrichtigungston","Notification Sound","Sonido de Notificación","صدای اعلان","Son de Notification","सूचना ध्वनि","Suono Notifica","通知音","알림음","အသိပေးချက် အသံ",,"Звук уведомления","Codka Ogeysiiska","Bildirim Sesi","Звук сповіщення","اطلاع کی آواز","通知声音"
settings.notifications,"ማሳወቂያዎች","الإشعارات","বিজ্ঞপ্তি","Benachrichtigungen","Notifications","Notificaciones","اعلان‌ها","Notifications","सूचनाएं","Notifiche","通知","알림","အသိပေးချက်များ",,"Уведомления","Ogeysiisyada","Bildirimler","Сповіщення","اطلاعات","通知"
settings.permissions,"ፈቃዶች","الأذونات","অনুমতি","Berechtigungen","Permissions","Permisos","مجوزها","Permissions","अनुमतियां","Permessi","権限","권한","ခွင့်ပြုချက်များ",,"Разрешения","Ogolaanshaha","İzinler","Дозволи","اجازات","权限"
settings.privacy,"የግላዊነት ፖሊሲ","سياسة الخصوصية","গোপনীয়তা নীতি","Datenschutzerklärung","Privacy Policy","Política de Privacidad","سیاست حریم خصوصی","Politique de Confidentialité","गोपनीयता नीति","Politica Privacy","プライバシーポリシー","개인정보 보호정책","ကိုယ်ရေးကိုယ်တာ မူဝါဒ",,"Политика конфиденциальности","Siyaasadda Qarsoonda","Gizlilik Politikası","Політика конфіденційності","پرائیویسی پالیسی","隐私政策"
settings.restore_cancelled,,,,,"Restore cancelled.",,,,,,,,,,,,"Geri yükleme iptal edildi.",,,
settings.restore_data,"መረጃ መልሶ ማቋቋም","استعادة البيانات","ডেটা পুনরুদ্ধার","Daten wiederherstellen","Restore Data","Restaurar Datos","بازیابی داده‌ها","Restaurer Données","डेटा पुनर्स्थापना","Ripristina Dati","データ復元","데이터 복원","ဒေတာ ပြန်လည် ရယူပါ",,"Восстановление данных","Dib u soo celinta Xogta","Veri Geri Yükle","Відновлення даних","ڈیٹا بحالی","恢复数据"
settings.restore_error,,,,,"Something went wrong while restoring data.",,,,,,,,,,,,"Veri geri yükleme sırasında bir sorun oluştu.",,,
settings.restore_invalid,,,,,"Could not read the selected file. Please choose another backup.",,,,,,,,,,,,"Seçilen dosya okunamadı. Lütfen farklı bir yedek deneyin.",,,
settings.restore_missing,,,,,"No backup found. Please create one first.",,,,,,,,,,,,"Yedek bulunamadı. Önce bir yedek oluşturun.",,,
settings.restore_success,,,,,"Data restored successfully.",,,,,,,,,,,,"Veriler başarıyla geri yüklendi.",,,
settings.sample_data_cleared,"ውሂብ አጥፏል","تم مسح البيانات","ডেটা মুছে ফেলা হয়েছে","Daten gelöscht","Data cleared","Datos borrados","داده‌ها پاک شدند","Données effacées","डेटा साफ़ किया गया","Dati cancellati","データがクリアされました","데이터가 삭제되었습니다","ဒေတာ ဖျက်ပြီးပြီ","Dados limpos","Данные очищены","Xogta waa la nadiifiyey","Veriler temizlendi","Дані очищено","ڈیٹا صاف کر دیا گیا","数据已清除"
settings.sample_data_loaded,"የምሳሌ ውሂብ ተጫነ","تم تحميل البيانات التجريبية","নমুনা ডেটা লোড করা হয়েছে","Beispieldaten geladen","Sample data loaded","Datos de ejemplo cargados","داده نمونه بارگذاری شد","Données d'exemple chargées","नमूना डेटा लोड हो गया","Dati di esempio caricati","サンプルデータが読み込まれました","샘플 데이터가 로드되었습니다","နမူနာဒေတာ ထည့်ပြီးပြီ","Dados de exemplo carregados","Пример данных загружен","Xogta tusaalaha waa la shubay","Örnek veriler yüklendi","Приклад даних завантажено","نمونہ ڈیٹا لوڈ ہو گیا","示例数据已加载"
settings.show_product_images,"የምርት ምስሎችን አሳይ","إظهار صور المنتجات","পণ্যের ছবি দেখান","Produktbilder anzeigen","Show Product Images","Mostrar Imágenes de Productos","نمایش تصاویر محصولات","Afficher Images Produits","उत्पाद छवियां दिखाएं","Mostra Immagini Prodotti","製品画像を表示","제품 이미지 표시","ကုန်ပစ္စည်းပုံများ ပြပါ",,"Показывать изображения товаров","Tus Sawirrada Alaabooyinka","Ürün Resimlerini Göster","Показувати зображення продуктів","مصنوعات کی تصاویر دکھائیں","显示产品图像"
settings.stock_warnings,"የእቃ ማስጠንቀቂያዎች","تحذيرات المخزون","স্টক সতর্কতা","Lagerbestand Warnungen","Stock Warnings","Alertas de Stock","هشدارهای موجودی","Alertes Stock","स्टॉक चेतावनियां","Avvisi Scorte","在庫警告","재고 경고","ကုန်ပစ္စည်း သတိပေးချက်များ",,"Предупреждения о запасах","Digniinadda Kaydka","Stok Uyarları","Попередження про запаси","اسٹاک کی وارننگز","库存警告"
settings.terms,"የአጠቃቀም ውሎች","شروط الاستخدام","ব্যবহারের শর্তাদি","Nutzungsbedingungen","Terms of Service","Términos de Servicio","شرایط استفاده","Conditions d'Utilisation","सेवा की शर्तें","Termini di Servizio","利用規約","이용 약관","အသုံးပြုမှု စည်းမျဉ်းများ",,"Условия использования","Shuruudaha Isticmaalka","Kullanım Sözleşmesi","Умови використання","استعمال کی شرائط","服务条款"
settings.vibration,"ንዝረት","الاهتزاز","কম্পন","Vibration","Vibration","Vibración","لرزش","Vibration","कंपन","Vibrazione","振動","진동","တုန်ခါမှု",,"Вибрация","Gariirka","Titreşim","Вібрація","کمپن","振动"
settings.warning_time,"የማስጠንቀቂያ ጊዜ","وقت التحذير","সতর্কতার সময়","Warnzeit","Warning Time","Tiempo de Alerta","زمان هشدار","Temps d'Alerte","चेतावनी समय","Tempo Avviso","警告時間","경고 시간","သတိပေးချက် အချိန်",,"Время предупреждения","Waqtiga Digniin","Uyarı Süresi","Час попередження","انتباہی وقت","警告时间"
settings.weekly_reminder,"ሳምንታዊ ማስታወሻ","تذكير أسبوعي","সাপ্তাহিক চেক রিমাইন্ডার","Wöchentliche Erinnerung","Weekly Control Reminder","Recordatorio Semanal","یادآور بررسی هفتگی","Rappel Hebdomadaire","साप्ताहिक अनुस्मारक","Promemoria Settimanale","週次チェックリマインダー","주간 점검 리마인더","တစ်ပတ်လည် ပြန်စစ်ဆေးမှု အမှတ်ရ",,"Еженедельное напоминание","Xusuusin Usbuuceed","Haftalık Kontrol Hatırlatıcısı","Щотижневе нагадування","ہفتہ وار یاد دہانی","每周提醒"
status.current,"አሁኑ","حالي","বর্তমান","Aktuell","Current","Actual","فعلی","Actuel","वर्तमान","Attuale","現在","현재","လက်ရှိအခြေအနေ",,"Текущий","Xaadirka","Güncel","Поточний","موجودہ","当前"
status.expired,,,,,"Expired",,,,,,,,,,,,"Süresi Geçmiş",,,
status.expiry_approaching,"የማለቂያ ጊዜ እየቀረበ","تاريخ انتهاء الصلاحية يقترب","মেয়াদ শেষ হওয়ার কাছাকাছি","Ablaufdatum naht","Expiry Date Approaching","Fecha de Vencimiento Próxima","نزدیک به انقضا","Date d'Expiration Approche","समाप्ति तिथि नजदीक","Data di Scadenza Vicina","有効期限接近","만료일 접근","သက်တမ်းကုန်မည့် အချိန်နီး",,"Приближается срок годности","Dhamaadka Ku Soo Dhow","Son Kullanma Tarihi Yaklaşıyor","Наближається термін","مدت ختم ہونے والی","临近过期"
status.missing,"ጎድሎ እቃዎች","عناصر مفقودة","অনুপস্থিত আইটেম","Fehlende Artikel","Missing Items","Artículos Faltantes","موارد گمشده","Articles Manquants","गायब आइटम","Oggetti Mancanti","不足アイテム","누락된 항목","ပျောက်ဆုံးပစ္စည်းများ",,"Отсутствующие товары","Alaabada Luma","Eksik Ürünler","Відсутні товари","غائب آئٹمز","缺失物品"
total.items,"ጠቅላላ እቃዎች","إجمالي العناصر","মোট আইটেম","Gesamtartikel","Total Items","Artículos Totales","تعداد کل موارد","Articles Totals","कुल आइटम","Oggetti Totali","合計アイテム","총 항목","စုစုပေါင်းပစ္စည်းများ","Itens Totais","Всего товаров","Wadarta shayga","Toplam Ürün","Всього товарів","کل آئٹمز","总物品"
water,"ውሃ","ماء","জল","Wasser","Water","Agua","آب","Eau","पानी","Acqua","水","물","ရေ","Água","Вода","Biyo","Su","Вода","پانی","水"
